-- =============================================================================
-- BonusBridge — Northwind Technologies Demo Seed
-- Run this in the Supabase SQL Editor (service role) to populate all demo data.
-- Safe to re-run: every INSERT uses ON CONFLICT DO NOTHING.
-- =============================================================================

-- ---------------------------------------------------------------------------
-- 0. CONSTANTS (using fixed UUIDs so the file is idempotent)
-- ---------------------------------------------------------------------------
-- entity         : 10000000-0000-0000-0000-000000000001
-- auth users     : 20000000-0000-0000-0000-00000000000{1-4}
-- people         : 30000000-0000-0000-0000-00000000000{1-12}
-- org depts      : 40000000-0000-0000-0000-00000000000{1-7}
-- func depts     : DB-generated UUIDs (looked up by name in section 8)
-- drivers        : 50000000-0000-0000-0000-000000000001
-- kpi defs       : 60000000-0000-0000-0000-0000000000{01-20}
-- corp kpis      : 70000000-0000-0000-0000-0000000000{01-10}
-- dept kpis      : 71000000-0000-0000-0000-00000000000{1-5}
-- indiv kpis     : 72000000-0000-0000-0000-00000000000{1-6}
-- bonus schemes  : 80000000-0000-0000-0000-00000000000{1-3}
-- ---------------------------------------------------------------------------

-- =============================================================================
-- 1. AUTH USERS  (requires service role / Supabase SQL editor)
-- =============================================================================
INSERT INTO auth.users (
  id, instance_id, aud, role, email,
  encrypted_password, email_confirmed_at,
  raw_app_meta_data, raw_user_meta_data,
  created_at, updated_at,
  confirmation_token, email_change, email_change_token_new, recovery_token
) VALUES
  (
    '20000000-0000-0000-0000-000000000001',
    '00000000-0000-0000-0000-000000000000',
    'authenticated', 'authenticated',
    'sofia@northwindtech.demo',
    crypt('Demo2025!', gen_salt('bf')),
    now(),
    '{"provider":"email","providers":["email"]}', '{}',
    now(), now(), '', '', '', ''
  ),
  (
    '20000000-0000-0000-0000-000000000002',
    '00000000-0000-0000-0000-000000000000',
    'authenticated', 'authenticated',
    'marcus@northwindtech.demo',
    crypt('Demo2025!', gen_salt('bf')),
    now(),
    '{"provider":"email","providers":["email"]}', '{}',
    now(), now(), '', '', '', ''
  ),
  (
    '20000000-0000-0000-0000-000000000003',
    '00000000-0000-0000-0000-000000000000',
    'authenticated', 'authenticated',
    'priya@northwindtech.demo',
    crypt('Demo2025!', gen_salt('bf')),
    now(),
    '{"provider":"email","providers":["email"]}', '{}',
    now(), now(), '', '', '', ''
  ),
  (
    '20000000-0000-0000-0000-000000000004',
    '00000000-0000-0000-0000-000000000000',
    'authenticated', 'authenticated',
    'aisha@northwindtech.demo',
    crypt('Demo2025!', gen_salt('bf')),
    now(),
    '{"provider":"email","providers":["email"]}', '{}',
    now(), now(), '', '', '', ''
  )
ON CONFLICT (id) DO NOTHING;

-- auth.identities required for email provider
INSERT INTO auth.identities (
  id, user_id, identity_data, provider, last_sign_in_at, created_at, updated_at, provider_id
) VALUES
  ('20000000-0000-0000-0000-000000000001', '20000000-0000-0000-0000-000000000001',
   '{"sub":"20000000-0000-0000-0000-000000000001","email":"sofia@northwindtech.demo"}',
   'email', now(), now(), now(), 'sofia@northwindtech.demo'),
  ('20000000-0000-0000-0000-000000000002', '20000000-0000-0000-0000-000000000002',
   '{"sub":"20000000-0000-0000-0000-000000000002","email":"marcus@northwindtech.demo"}',
   'email', now(), now(), now(), 'marcus@northwindtech.demo'),
  ('20000000-0000-0000-0000-000000000003', '20000000-0000-0000-0000-000000000003',
   '{"sub":"20000000-0000-0000-0000-000000000003","email":"priya@northwindtech.demo"}',
   'email', now(), now(), now(), 'priya@northwindtech.demo'),
  ('20000000-0000-0000-0000-000000000004', '20000000-0000-0000-0000-000000000004',
   '{"sub":"20000000-0000-0000-0000-000000000004","email":"aisha@northwindtech.demo"}',
   'email', now(), now(), now(), 'aisha@northwindtech.demo')
ON CONFLICT (id) DO NOTHING;

-- =============================================================================
-- 2. ENTITY
-- =============================================================================
INSERT INTO public.entities (id, name, industry) VALUES
  ('10000000-0000-0000-0000-000000000001', 'Northwind Technologies', 'Technology Services')
ON CONFLICT (id) DO NOTHING;

-- =============================================================================
-- 3. FUNCTIONAL DEPARTMENTS
-- =============================================================================
INSERT INTO public.functional_departments (name)
SELECT v.name FROM (VALUES
  ('Sales'), ('Finance'), ('Product'), ('Operations'), ('Human Resources')
) AS v(name)
WHERE NOT EXISTS (
  SELECT 1 FROM public.functional_departments fd WHERE fd.name = v.name
);

-- =============================================================================
-- 4. ORGANISATIONAL DEPARTMENTS (7-node tree)
-- =============================================================================
INSERT INTO public.organisational_departments (id, entity_id, name, parent_id) VALUES
  ('40000000-0000-0000-0000-000000000001', '10000000-0000-0000-0000-000000000001', 'HQ Corporate',       NULL),
  ('40000000-0000-0000-0000-000000000002', '10000000-0000-0000-0000-000000000001', 'HQ-Commercial',       '40000000-0000-0000-0000-000000000001'),
  ('40000000-0000-0000-0000-000000000003', '10000000-0000-0000-0000-000000000001', 'HQ-Operations',       '40000000-0000-0000-0000-000000000001'),
  ('40000000-0000-0000-0000-000000000004', '10000000-0000-0000-0000-000000000001', 'HQ-Finance',          '40000000-0000-0000-0000-000000000001'),
  ('40000000-0000-0000-0000-000000000005', '10000000-0000-0000-0000-000000000001', 'Product Development', '40000000-0000-0000-0000-000000000001'),
  ('40000000-0000-0000-0000-000000000006', '10000000-0000-0000-0000-000000000001', 'Sales EMEA',          '40000000-0000-0000-0000-000000000002'),
  ('40000000-0000-0000-0000-000000000007', '10000000-0000-0000-0000-000000000001', 'Sales Americas',      '40000000-0000-0000-0000-000000000002')
ON CONFLICT (id) DO NOTHING;

-- =============================================================================
-- 5. PEOPLE (12 employees)
-- =============================================================================
INSERT INTO public.people (id, entity_id, auth_user_id, first_name, last_name, email, annual_salary, employment_start_date, is_active) VALUES
  -- 4 auth'd personas
  ('30000000-0000-0000-0000-000000000001','10000000-0000-0000-0000-000000000001','20000000-0000-0000-0000-000000000001','Sofia',  'Andersen', 'sofia@northwindtech.demo',   185000, '2019-01-15', true),
  ('30000000-0000-0000-0000-000000000002','10000000-0000-0000-0000-000000000001','20000000-0000-0000-0000-000000000002','Marcus', 'Webb',     'marcus@northwindtech.demo',  120000, '2020-03-01', true),
  ('30000000-0000-0000-0000-000000000003','10000000-0000-0000-0000-000000000001','20000000-0000-0000-0000-000000000003','Priya',  'Nair',     'priya@northwindtech.demo',   135000, '2021-06-01', true),
  ('30000000-0000-0000-0000-000000000004','10000000-0000-0000-0000-000000000001','20000000-0000-0000-0000-000000000004','Aisha',  'Patel',    'aisha@northwindtech.demo',    85000, '2022-02-14', true),
  -- Chloe — no auth account (data only)
  ('30000000-0000-0000-0000-000000000005','10000000-0000-0000-0000-000000000001', NULL,                                 'Chloe',  'Thompson', 'chloe@northwindtech.demo',    59250, '2023-09-01', true),
  -- Remaining 7 employees
  ('30000000-0000-0000-0000-000000000006','10000000-0000-0000-0000-000000000001', NULL,'James',  'Chen',    'james@northwindtech.demo',   155000, '2020-07-01', true),
  ('30000000-0000-0000-0000-000000000007','10000000-0000-0000-0000-000000000001', NULL,'Elena',  'Vasquez', 'elena@northwindtech.demo',   145000, '2021-01-10', true),
  ('30000000-0000-0000-0000-000000000008','10000000-0000-0000-0000-000000000001', NULL,'Tom',    'Bradley', 'tom@northwindtech.demo',     130000, '2021-04-15', true),
  ('30000000-0000-0000-0000-000000000009','10000000-0000-0000-0000-000000000001', NULL,'Sarah',  'Kim',     'sarah@northwindtech.demo',    72000, '2022-08-01', true),
  ('30000000-0000-0000-0000-000000000010','10000000-0000-0000-0000-000000000001', NULL,'David',  'Okafor',  'david@northwindtech.demo',    68000, '2023-01-16', true),
  ('30000000-0000-0000-0000-000000000011','10000000-0000-0000-0000-000000000001', NULL,'Anna',   'Novak',   'anna@northwindtech.demo',     75000, '2022-05-02', true),
  ('30000000-0000-0000-0000-000000000012','10000000-0000-0000-0000-000000000001', NULL,'Ryan',   'Park',    'ryan@northwindtech.demo',     71000, '2023-03-20', true)
ON CONFLICT (id) DO NOTHING;

-- =============================================================================
-- 6. ROLES
-- =============================================================================
INSERT INTO public.people_roles (person_id, role) VALUES
  -- Sofia: ceo + employee
  ('30000000-0000-0000-0000-000000000001', 'ceo'),
  ('30000000-0000-0000-0000-000000000001', 'employee'),
  -- Marcus: hr_rep + employee
  ('30000000-0000-0000-0000-000000000002', 'hr_rep'),
  ('30000000-0000-0000-0000-000000000002', 'employee'),
  -- Priya: manager + employee
  ('30000000-0000-0000-0000-000000000003', 'manager'),
  ('30000000-0000-0000-0000-000000000003', 'employee'),
  -- Aisha: employee
  ('30000000-0000-0000-0000-000000000004', 'employee'),
  -- Chloe: employee
  ('30000000-0000-0000-0000-000000000005', 'employee'),
  -- James: manager + employee (VP Finance)
  ('30000000-0000-0000-0000-000000000006', 'manager'),
  ('30000000-0000-0000-0000-000000000006', 'employee'),
  -- Elena: manager + employee (VP Product)
  ('30000000-0000-0000-0000-000000000007', 'manager'),
  ('30000000-0000-0000-0000-000000000007', 'employee'),
  -- Tom: manager + employee (VP Operations)
  ('30000000-0000-0000-0000-000000000008', 'manager'),
  ('30000000-0000-0000-0000-000000000008', 'employee'),
  -- Remaining employees
  ('30000000-0000-0000-0000-000000000009', 'employee'),
  ('30000000-0000-0000-0000-000000000010', 'employee'),
  ('30000000-0000-0000-0000-000000000011', 'employee'),
  ('30000000-0000-0000-0000-000000000012', 'employee')
ON CONFLICT DO NOTHING;

-- =============================================================================
-- 7. ORG DEPARTMENT MEMBERSHIPS
-- =============================================================================
INSERT INTO public.people_org_departments (person_id, org_department_id) VALUES
  ('30000000-0000-0000-0000-000000000001', '40000000-0000-0000-0000-000000000001'), -- Sofia → HQ Corporate
  ('30000000-0000-0000-0000-000000000002', '40000000-0000-0000-0000-000000000001'), -- Marcus → HQ Corporate
  ('30000000-0000-0000-0000-000000000003', '40000000-0000-0000-0000-000000000002'), -- Priya → HQ-Commercial
  ('30000000-0000-0000-0000-000000000004', '40000000-0000-0000-0000-000000000002'), -- Aisha → HQ-Commercial
  ('30000000-0000-0000-0000-000000000005', '40000000-0000-0000-0000-000000000002'), -- Chloe → HQ-Commercial
  ('30000000-0000-0000-0000-000000000006', '40000000-0000-0000-0000-000000000004'), -- James → HQ-Finance
  ('30000000-0000-0000-0000-000000000007', '40000000-0000-0000-0000-000000000005'), -- Elena → Product Dev
  ('30000000-0000-0000-0000-000000000008', '40000000-0000-0000-0000-000000000003'), -- Tom → HQ-Operations
  ('30000000-0000-0000-0000-000000000009', '40000000-0000-0000-0000-000000000006'), -- Sarah → Sales EMEA
  ('30000000-0000-0000-0000-000000000010', '40000000-0000-0000-0000-000000000007'), -- David → Sales Americas
  ('30000000-0000-0000-0000-000000000011', '40000000-0000-0000-0000-000000000005'), -- Anna → Product Dev
  ('30000000-0000-0000-0000-000000000012', '40000000-0000-0000-0000-000000000003')  -- Ryan → HQ-Operations
ON CONFLICT DO NOTHING;

-- =============================================================================
-- 8. FUNCTIONAL DEPARTMENT MEMBERSHIPS
-- =============================================================================
INSERT INTO public.people_functional_departments (person_id, functional_department_id)
SELECT pairs.pid, fd.id
FROM (VALUES
  ('30000000-0000-0000-0000-000000000001'::uuid, 'Finance'),          -- Sofia → Finance (exec)
  ('30000000-0000-0000-0000-000000000002'::uuid, 'Human Resources'),  -- Marcus → HR
  ('30000000-0000-0000-0000-000000000003'::uuid, 'Sales'),            -- Priya → Sales
  ('30000000-0000-0000-0000-000000000004'::uuid, 'Sales'),            -- Aisha → Sales
  ('30000000-0000-0000-0000-000000000005'::uuid, 'Sales'),            -- Chloe → Sales
  ('30000000-0000-0000-0000-000000000006'::uuid, 'Finance'),          -- James → Finance
  ('30000000-0000-0000-0000-000000000007'::uuid, 'Product'),          -- Elena → Product
  ('30000000-0000-0000-0000-000000000008'::uuid, 'Operations'),       -- Tom → Operations
  ('30000000-0000-0000-0000-000000000009'::uuid, 'Sales'),            -- Sarah → Sales
  ('30000000-0000-0000-0000-000000000010'::uuid, 'Sales'),            -- David → Sales
  ('30000000-0000-0000-0000-000000000011'::uuid, 'Product'),          -- Anna → Product
  ('30000000-0000-0000-0000-000000000012'::uuid, 'Operations')        -- Ryan → Operations
) AS pairs(pid, dept_name)
JOIN public.functional_departments fd ON fd.name = pairs.dept_name
ON CONFLICT DO NOTHING;

-- =============================================================================
-- 9. DRIVERS (Growth 50 / Efficiency 30 / Culture 20)
-- =============================================================================
INSERT INTO public.drivers (id, entity_id, year, growth_pct, efficiency_pct, culture_pct) VALUES
  ('50000000-0000-0000-0000-000000000001', '10000000-0000-0000-0000-000000000001', 2025, 50, 30, 20)
ON CONFLICT (id) DO NOTHING;

-- =============================================================================
-- 10. KPI DEFINITIONS — master library (20 definitions for 2025)
-- =============================================================================
INSERT INTO public.kpi_definitions (id, entity_id, year, title, kpi_type, driver, unit, is_active, created_by) VALUES
  -- Corporate KPIs K01-K10
  ('60000000-0000-0000-0000-000000000001','10000000-0000-0000-0000-000000000001',2025,'Group Revenue',         'progressive','growth',    'EUR M',  true,'30000000-0000-0000-0000-000000000001'),
  ('60000000-0000-0000-0000-000000000002','10000000-0000-0000-0000-000000000001',2025,'New Logos',             'progressive','growth',    'count',  true,'30000000-0000-0000-0000-000000000001'),
  ('60000000-0000-0000-0000-000000000003','10000000-0000-0000-0000-000000000001',2025,'EBITDA',                'progressive','efficiency','EUR M',  true,'30000000-0000-0000-0000-000000000001'),
  ('60000000-0000-0000-0000-000000000004','10000000-0000-0000-0000-000000000001',2025,'Gross Margin',          'benchmark',  'efficiency','%',      true,'30000000-0000-0000-0000-000000000001'),
  ('60000000-0000-0000-0000-000000000005','10000000-0000-0000-0000-000000000001',2025,'Net Revenue Retention', 'benchmark',  'growth',    '%',      true,'30000000-0000-0000-0000-000000000001'),
  ('60000000-0000-0000-0000-000000000006','10000000-0000-0000-0000-000000000001',2025,'Employee Retention',    'benchmark',  'culture',   '%',      true,'30000000-0000-0000-0000-000000000001'),
  ('60000000-0000-0000-0000-000000000007','10000000-0000-0000-0000-000000000001',2025,'Customer Satisfaction', 'benchmark',  'culture',   'score',  true,'30000000-0000-0000-0000-000000000001'),
  ('60000000-0000-0000-0000-000000000008','10000000-0000-0000-0000-000000000001',2025,'eNPS Score',            'benchmark',  'culture',   'score',  true,'30000000-0000-0000-0000-000000000001'),
  ('60000000-0000-0000-0000-000000000009','10000000-0000-0000-0000-000000000001',2025,'Operating Cash Flow',   'progressive','efficiency','EUR M',  true,'30000000-0000-0000-0000-000000000001'),
  ('60000000-0000-0000-0000-000000000010','10000000-0000-0000-0000-000000000001',2025,'R&D Investment',        'progressive','growth',    'EUR M',  true,'30000000-0000-0000-0000-000000000001'),
  -- Department KPIs K11-K15 (HQ-Commercial + company-wide training)
  ('60000000-0000-0000-0000-000000000011','10000000-0000-0000-0000-000000000001',2025,'Upsell Revenue',        'progressive','growth',    'EUR M',  true,'30000000-0000-0000-0000-000000000003'),
  ('60000000-0000-0000-0000-000000000012','10000000-0000-0000-0000-000000000001',2025,'Proposal Win Rate',     'benchmark',  'growth',    '%',      true,'30000000-0000-0000-0000-000000000003'),
  ('60000000-0000-0000-0000-000000000015','10000000-0000-0000-0000-000000000001',2025,'Training Completion',   'binary',     'culture',   NULL,     true,'30000000-0000-0000-0000-000000000002'),
  -- Individual KPI definitions (Aisha)
  ('60000000-0000-0000-0000-000000000016','10000000-0000-0000-0000-000000000001',2025,'Personal Revenue Target','progressive','growth',   'EUR',    true,'30000000-0000-0000-0000-000000000004'),
  ('60000000-0000-0000-0000-000000000017','10000000-0000-0000-0000-000000000001',2025,'LinkedIn Followers Growth','progressive','culture', 'count', true,'30000000-0000-0000-0000-000000000004'),
  -- Individual KPI definitions (Chloe)
  ('60000000-0000-0000-0000-000000000018','10000000-0000-0000-0000-000000000001',2025,'Client Retention Rate', 'benchmark',  'culture',   '%',      true,'30000000-0000-0000-0000-000000000005'),
  -- Aisha's individual version of K02 and K12
  ('60000000-0000-0000-0000-000000000019','10000000-0000-0000-0000-000000000001',2025,'New Logos — Personal',  'progressive','growth',    'count',  true,'30000000-0000-0000-0000-000000000004'),
  ('60000000-0000-0000-0000-000000000020','10000000-0000-0000-0000-000000000001',2025,'Win Rate — Personal',   'benchmark',  'growth',    '%',      true,'30000000-0000-0000-0000-000000000004'),
  -- Chloe's individual version of K12
  ('60000000-0000-0000-0000-000000000021','10000000-0000-0000-0000-000000000001',2025,'Win Rate — Personal',   'benchmark',  'growth',    '%',      true,'30000000-0000-0000-0000-000000000005')
ON CONFLICT (id) DO NOTHING;

-- =============================================================================
-- 11. CORPORATE KPIs (K01-K10 on the corporate board)
-- =============================================================================
INSERT INTO public.corporate_kpis (id, entity_id, kpi_definition_id, year, display_order) VALUES
  ('70000000-0000-0000-0000-000000000001','10000000-0000-0000-0000-000000000001','60000000-0000-0000-0000-000000000001',2025,1),
  ('70000000-0000-0000-0000-000000000002','10000000-0000-0000-0000-000000000001','60000000-0000-0000-0000-000000000002',2025,2),
  ('70000000-0000-0000-0000-000000000003','10000000-0000-0000-0000-000000000001','60000000-0000-0000-0000-000000000003',2025,3),
  ('70000000-0000-0000-0000-000000000004','10000000-0000-0000-0000-000000000001','60000000-0000-0000-0000-000000000004',2025,4),
  ('70000000-0000-0000-0000-000000000005','10000000-0000-0000-0000-000000000001','60000000-0000-0000-0000-000000000005',2025,5),
  ('70000000-0000-0000-0000-000000000006','10000000-0000-0000-0000-000000000001','60000000-0000-0000-0000-000000000006',2025,6),
  ('70000000-0000-0000-0000-000000000007','10000000-0000-0000-0000-000000000001','60000000-0000-0000-0000-000000000007',2025,7),
  ('70000000-0000-0000-0000-000000000008','10000000-0000-0000-0000-000000000001','60000000-0000-0000-0000-000000000008',2025,8),
  ('70000000-0000-0000-0000-000000000009','10000000-0000-0000-0000-000000000001','60000000-0000-0000-0000-000000000009',2025,9),
  ('70000000-0000-0000-0000-000000000010','10000000-0000-0000-0000-000000000001','60000000-0000-0000-0000-000000000010',2025,10)
ON CONFLICT (id) DO NOTHING;

-- =============================================================================
-- 12. CORPORATE KPI TARGETS (6 periods per KPI)
-- =============================================================================
-- Periods: q1, q2, q3, q4, halfyear (=mid-year), fullyear (=year-end)

-- K01 Group Revenue (EUR M)
INSERT INTO public.corporate_kpi_targets (corporate_kpi_id, period, target_value) VALUES
  ('70000000-0000-0000-0000-000000000001','q1',       25.0),
  ('70000000-0000-0000-0000-000000000001','q2',       25.0),
  ('70000000-0000-0000-0000-000000000001','q3',       27.0),
  ('70000000-0000-0000-0000-000000000001','q4',       30.0),
  ('70000000-0000-0000-0000-000000000001','halfyear',  50.0),
  ('70000000-0000-0000-0000-000000000001','fullyear', 107.0)
ON CONFLICT DO NOTHING;

-- K02 New Logos (count)
INSERT INTO public.corporate_kpi_targets (corporate_kpi_id, period, target_value) VALUES
  ('70000000-0000-0000-0000-000000000002','q1',      3),
  ('70000000-0000-0000-0000-000000000002','q2',      3),
  ('70000000-0000-0000-0000-000000000002','q3',      4),
  ('70000000-0000-0000-0000-000000000002','q4',      4),
  ('70000000-0000-0000-0000-000000000002','halfyear', 6),
  ('70000000-0000-0000-0000-000000000002','fullyear',14)
ON CONFLICT DO NOTHING;

-- K03 EBITDA (EUR M)
INSERT INTO public.corporate_kpi_targets (corporate_kpi_id, period, target_value) VALUES
  ('70000000-0000-0000-0000-000000000003','q1',       5.0),
  ('70000000-0000-0000-0000-000000000003','q2',       5.0),
  ('70000000-0000-0000-0000-000000000003','q3',       5.5),
  ('70000000-0000-0000-0000-000000000003','q4',       6.0),
  ('70000000-0000-0000-0000-000000000003','halfyear', 10.0),
  ('70000000-0000-0000-0000-000000000003','fullyear', 21.5)
ON CONFLICT DO NOTHING;

-- K04 Gross Margin (%)
INSERT INTO public.corporate_kpi_targets (corporate_kpi_id, period, target_value) VALUES
  ('70000000-0000-0000-0000-000000000004','q1',       65.0),
  ('70000000-0000-0000-0000-000000000004','q2',       65.0),
  ('70000000-0000-0000-0000-000000000004','q3',       65.0),
  ('70000000-0000-0000-0000-000000000004','q4',       65.0),
  ('70000000-0000-0000-0000-000000000004','halfyear', 65.0),
  ('70000000-0000-0000-0000-000000000004','fullyear', 65.0)
ON CONFLICT DO NOTHING;

-- K05 Net Revenue Retention (%)
INSERT INTO public.corporate_kpi_targets (corporate_kpi_id, period, target_value) VALUES
  ('70000000-0000-0000-0000-000000000005','q1',      110.0),
  ('70000000-0000-0000-0000-000000000005','q2',      110.0),
  ('70000000-0000-0000-0000-000000000005','q3',      110.0),
  ('70000000-0000-0000-0000-000000000005','q4',      110.0),
  ('70000000-0000-0000-0000-000000000005','halfyear',110.0),
  ('70000000-0000-0000-0000-000000000005','fullyear',110.0)
ON CONFLICT DO NOTHING;

-- K06 Employee Retention (%)
INSERT INTO public.corporate_kpi_targets (corporate_kpi_id, period, target_value) VALUES
  ('70000000-0000-0000-0000-000000000006','q1',      90.0),
  ('70000000-0000-0000-0000-000000000006','q2',      90.0),
  ('70000000-0000-0000-0000-000000000006','q3',      90.0),
  ('70000000-0000-0000-0000-000000000006','q4',      90.0),
  ('70000000-0000-0000-0000-000000000006','halfyear',90.0),
  ('70000000-0000-0000-0000-000000000006','fullyear',90.0)
ON CONFLICT DO NOTHING;

-- K07 Customer Satisfaction (score /5)
INSERT INTO public.corporate_kpi_targets (corporate_kpi_id, period, target_value) VALUES
  ('70000000-0000-0000-0000-000000000007','q1',      4.2),
  ('70000000-0000-0000-0000-000000000007','q2',      4.2),
  ('70000000-0000-0000-0000-000000000007','q3',      4.3),
  ('70000000-0000-0000-0000-000000000007','q4',      4.3),
  ('70000000-0000-0000-0000-000000000007','halfyear',4.2),
  ('70000000-0000-0000-0000-000000000007','fullyear',4.3)
ON CONFLICT DO NOTHING;

-- K08 eNPS Score
INSERT INTO public.corporate_kpi_targets (corporate_kpi_id, period, target_value) VALUES
  ('70000000-0000-0000-0000-000000000008','q1',      20.0),
  ('70000000-0000-0000-0000-000000000008','q2',      20.0),
  ('70000000-0000-0000-0000-000000000008','q3',      20.0),
  ('70000000-0000-0000-0000-000000000008','q4',      20.0),
  ('70000000-0000-0000-0000-000000000008','halfyear',20.0),
  ('70000000-0000-0000-0000-000000000008','fullyear',20.0)
ON CONFLICT DO NOTHING;

-- K09 Operating Cash Flow (EUR M)
INSERT INTO public.corporate_kpi_targets (corporate_kpi_id, period, target_value) VALUES
  ('70000000-0000-0000-0000-000000000009','q1',      4.0),
  ('70000000-0000-0000-0000-000000000009','q2',      4.0),
  ('70000000-0000-0000-0000-000000000009','q3',      4.5),
  ('70000000-0000-0000-0000-000000000009','q4',      5.0),
  ('70000000-0000-0000-0000-000000000009','halfyear', 8.0),
  ('70000000-0000-0000-0000-000000000009','fullyear',17.5)
ON CONFLICT DO NOTHING;

-- K10 R&D Investment (EUR M)
INSERT INTO public.corporate_kpi_targets (corporate_kpi_id, period, target_value) VALUES
  ('70000000-0000-0000-0000-000000000010','q1',      3.0),
  ('70000000-0000-0000-0000-000000000010','q2',      3.0),
  ('70000000-0000-0000-0000-000000000010','q3',      3.0),
  ('70000000-0000-0000-0000-000000000010','q4',      3.0),
  ('70000000-0000-0000-0000-000000000010','halfyear', 6.0),
  ('70000000-0000-0000-0000-000000000010','fullyear',12.0)
ON CONFLICT DO NOTHING;

-- =============================================================================
-- 13. DEPARTMENT KPIs — HQ-Commercial (K01 dragged + K11 Upsell + K12 Win Rate + K15 Training)
-- =============================================================================
INSERT INTO public.department_kpis (id, entity_id, kpi_definition_id, org_department_id, year, display_order) VALUES
  ('71000000-0000-0000-0000-000000000001','10000000-0000-0000-0000-000000000001','60000000-0000-0000-0000-000000000001','40000000-0000-0000-0000-000000000002',2025,1), -- K01 Revenue
  ('71000000-0000-0000-0000-000000000002','10000000-0000-0000-0000-000000000001','60000000-0000-0000-0000-000000000011','40000000-0000-0000-0000-000000000002',2025,2), -- K11 Upsell
  ('71000000-0000-0000-0000-000000000003','10000000-0000-0000-0000-000000000001','60000000-0000-0000-0000-000000000012','40000000-0000-0000-0000-000000000002',2025,3), -- K12 Win Rate
  ('71000000-0000-0000-0000-000000000004','10000000-0000-0000-0000-000000000001','60000000-0000-0000-0000-000000000015','40000000-0000-0000-0000-000000000002',2025,4)  -- K15 Training
ON CONFLICT (id) DO NOTHING;

-- Department KPI targets (HQ-Commercial)
-- K01 Revenue for dept (same targets as corporate)
INSERT INTO public.department_kpi_targets (department_kpi_id, period, target_value) VALUES
  ('71000000-0000-0000-0000-000000000001','q1',       25.0),
  ('71000000-0000-0000-0000-000000000001','q2',       25.0),
  ('71000000-0000-0000-0000-000000000001','q3',       27.0),
  ('71000000-0000-0000-0000-000000000001','q4',       30.0),
  ('71000000-0000-0000-0000-000000000001','halfyear',  50.0),
  ('71000000-0000-0000-0000-000000000001','fullyear', 107.0)
ON CONFLICT DO NOTHING;

-- K11 Upsell Revenue (EUR M)
INSERT INTO public.department_kpi_targets (department_kpi_id, period, target_value) VALUES
  ('71000000-0000-0000-0000-000000000002','q1',      3.0),
  ('71000000-0000-0000-0000-000000000002','q2',      3.0),
  ('71000000-0000-0000-0000-000000000002','q3',      3.5),
  ('71000000-0000-0000-0000-000000000002','q4',      4.0),
  ('71000000-0000-0000-0000-000000000002','halfyear', 6.0),
  ('71000000-0000-0000-0000-000000000002','fullyear',13.5)
ON CONFLICT DO NOTHING;

-- K12 Proposal Win Rate (%)
INSERT INTO public.department_kpi_targets (department_kpi_id, period, target_value) VALUES
  ('71000000-0000-0000-0000-000000000003','q1',      35.0),
  ('71000000-0000-0000-0000-000000000003','q2',      35.0),
  ('71000000-0000-0000-0000-000000000003','q3',      37.0),
  ('71000000-0000-0000-0000-000000000003','q4',      38.0),
  ('71000000-0000-0000-0000-000000000003','halfyear',35.0),
  ('71000000-0000-0000-0000-000000000003','fullyear',36.25)
ON CONFLICT DO NOTHING;

-- K15 Training Completion (binary) — NOT achieved at halfyear, ACHIEVED at fullyear
INSERT INTO public.department_kpi_targets (department_kpi_id, period, target_binary) VALUES
  ('71000000-0000-0000-0000-000000000004','q1',      NULL),
  ('71000000-0000-0000-0000-000000000004','q2',      NULL),
  ('71000000-0000-0000-0000-000000000004','q3',      NULL),
  ('71000000-0000-0000-0000-000000000004','q4',      NULL),
  ('71000000-0000-0000-0000-000000000004','halfyear', true),
  ('71000000-0000-0000-0000-000000000004','fullyear', true)
ON CONFLICT DO NOTHING;

-- =============================================================================
-- 14. INDIVIDUAL KPIs — Aisha (3 approved, 1 rejected)
-- =============================================================================
INSERT INTO public.individual_kpis
  (id, entity_id, person_id, kpi_definition_id, year, status, proposed_by, approved_by, approval_note, display_order, is_active)
VALUES
  -- K16 Personal Revenue — approved
  ('72000000-0000-0000-0000-000000000001','10000000-0000-0000-0000-000000000001',
   '30000000-0000-0000-0000-000000000004','60000000-0000-0000-0000-000000000016',
   2025,'approved','30000000-0000-0000-0000-000000000004','30000000-0000-0000-0000-000000000003',
   'Strong alignment with department revenue goals.',1,true),
  -- K20 Win Rate Personal — approved
  ('72000000-0000-0000-0000-000000000002','10000000-0000-0000-0000-000000000001',
   '30000000-0000-0000-0000-000000000004','60000000-0000-0000-0000-000000000020',
   2025,'approved','30000000-0000-0000-0000-000000000004','30000000-0000-0000-0000-000000000003',
   NULL,2,true),
  -- K19 New Logos Personal — approved
  ('72000000-0000-0000-0000-000000000003','10000000-0000-0000-0000-000000000001',
   '30000000-0000-0000-0000-000000000004','60000000-0000-0000-0000-000000000019',
   2025,'approved','30000000-0000-0000-0000-000000000004','30000000-0000-0000-0000-000000000003',
   NULL,3,true),
  -- K17 LinkedIn Followers — REJECTED
  ('72000000-0000-0000-0000-000000000004','10000000-0000-0000-0000-000000000001',
   '30000000-0000-0000-0000-000000000004','60000000-0000-0000-0000-000000000017',
   2025,'rejected','30000000-0000-0000-0000-000000000004','30000000-0000-0000-0000-000000000003',
   'Not aligned to a strategic Driver for 2025. Focus on pipeline metrics.',4,true)
ON CONFLICT (id) DO NOTHING;

-- Individual KPI targets — Aisha K16 Personal Revenue (EUR)
INSERT INTO public.individual_kpi_targets (individual_kpi_id, period, target_value) VALUES
  ('72000000-0000-0000-0000-000000000001','q1',       400000),
  ('72000000-0000-0000-0000-000000000001','q2',       400000),
  ('72000000-0000-0000-0000-000000000001','q3',       450000),
  ('72000000-0000-0000-0000-000000000001','q4',       500000),
  ('72000000-0000-0000-0000-000000000001','halfyear',  800000),
  ('72000000-0000-0000-0000-000000000001','fullyear', 1750000)
ON CONFLICT DO NOTHING;

-- Aisha K20 Win Rate Personal (%)
INSERT INTO public.individual_kpi_targets (individual_kpi_id, period, target_value) VALUES
  ('72000000-0000-0000-0000-000000000002','q1',      35.0),
  ('72000000-0000-0000-0000-000000000002','q2',      35.0),
  ('72000000-0000-0000-0000-000000000002','q3',      37.0),
  ('72000000-0000-0000-0000-000000000002','q4',      38.0),
  ('72000000-0000-0000-0000-000000000002','halfyear',35.0),
  ('72000000-0000-0000-0000-000000000002','fullyear',36.25)
ON CONFLICT DO NOTHING;

-- Aisha K19 New Logos Personal (count)
INSERT INTO public.individual_kpi_targets (individual_kpi_id, period, target_value) VALUES
  ('72000000-0000-0000-0000-000000000003','q1',      1),
  ('72000000-0000-0000-0000-000000000003','q2',      1),
  ('72000000-0000-0000-0000-000000000003','q3',      1),
  ('72000000-0000-0000-0000-000000000003','q4',      2),
  ('72000000-0000-0000-0000-000000000003','halfyear', 2),
  ('72000000-0000-0000-0000-000000000003','fullyear', 5)
ON CONFLICT DO NOTHING;

-- =============================================================================
-- 15. INDIVIDUAL KPIs — Chloe (2 approved)
-- =============================================================================
INSERT INTO public.individual_kpis
  (id, entity_id, person_id, kpi_definition_id, year, status, proposed_by, approved_by, display_order, is_active)
VALUES
  -- K18 Client Retention Rate — approved
  ('72000000-0000-0000-0000-000000000005','10000000-0000-0000-0000-000000000001',
   '30000000-0000-0000-0000-000000000005','60000000-0000-0000-0000-000000000018',
   2025,'approved','30000000-0000-0000-0000-000000000005','30000000-0000-0000-0000-000000000003',1,true),
  -- K21 Win Rate Personal (Chloe) — approved
  ('72000000-0000-0000-0000-000000000006','10000000-0000-0000-0000-000000000001',
   '30000000-0000-0000-0000-000000000005','60000000-0000-0000-0000-000000000021',
   2025,'approved','30000000-0000-0000-0000-000000000005','30000000-0000-0000-0000-000000000003',2,true)
ON CONFLICT (id) DO NOTHING;

-- Chloe K18 Client Retention Rate (%)
INSERT INTO public.individual_kpi_targets (individual_kpi_id, period, target_value) VALUES
  ('72000000-0000-0000-0000-000000000005','q1',      85.0),
  ('72000000-0000-0000-0000-000000000005','q2',      85.0),
  ('72000000-0000-0000-0000-000000000005','q3',      85.0),
  ('72000000-0000-0000-0000-000000000005','q4',      85.0),
  ('72000000-0000-0000-0000-000000000005','halfyear',85.0),
  ('72000000-0000-0000-0000-000000000005','fullyear',85.0)
ON CONFLICT DO NOTHING;

-- Chloe K21 Win Rate Personal (%)
INSERT INTO public.individual_kpi_targets (individual_kpi_id, period, target_value) VALUES
  ('72000000-0000-0000-0000-000000000006','q1',      30.0),
  ('72000000-0000-0000-0000-000000000006','q2',      30.0),
  ('72000000-0000-0000-0000-000000000006','q3',      32.0),
  ('72000000-0000-0000-0000-000000000006','q4',      33.0),
  ('72000000-0000-0000-0000-000000000006','halfyear',30.0),
  ('72000000-0000-0000-0000-000000000006','fullyear',31.25)
ON CONFLICT DO NOTHING;

-- =============================================================================
-- 16. ACTUALS — Corporate KPIs
--   Narrative: Q1 strong → Q2 weak → halfyear some binary → Q3 recovery → Q4/fullyear strong
-- =============================================================================

-- K01 Group Revenue  (actuals as entity-level, person_id NULL, kpi_level='corporate')
INSERT INTO public.actuals (entity_id, kpi_definition_id, person_id, kpi_level, period, actual_value, source, uploaded_by) VALUES
  ('10000000-0000-0000-0000-000000000001','60000000-0000-0000-0000-000000000001',NULL,'corporate','q1',       26.25,'excel_upload','30000000-0000-0000-0000-000000000002'),
  ('10000000-0000-0000-0000-000000000001','60000000-0000-0000-0000-000000000001',NULL,'corporate','q2',       22.25,'excel_upload','30000000-0000-0000-0000-000000000002'),
  ('10000000-0000-0000-0000-000000000001','60000000-0000-0000-0000-000000000001',NULL,'corporate','halfyear', 48.50,'excel_upload','30000000-0000-0000-0000-000000000002'),
  ('10000000-0000-0000-0000-000000000001','60000000-0000-0000-0000-000000000001',NULL,'corporate','q3',       28.35,'excel_upload','30000000-0000-0000-0000-000000000002'),
  ('10000000-0000-0000-0000-000000000001','60000000-0000-0000-0000-000000000001',NULL,'corporate','q4',       30.90,'excel_upload','30000000-0000-0000-0000-000000000002'),
  ('10000000-0000-0000-0000-000000000001','60000000-0000-0000-0000-000000000001',NULL,'corporate','fullyear', 108.0,'excel_upload','30000000-0000-0000-0000-000000000002')
ON CONFLICT DO NOTHING;

-- K02 New Logos
INSERT INTO public.actuals (entity_id, kpi_definition_id, person_id, kpi_level, period, actual_value, source, uploaded_by) VALUES
  ('10000000-0000-0000-0000-000000000001','60000000-0000-0000-0000-000000000002',NULL,'corporate','q1',        4,'excel_upload','30000000-0000-0000-0000-000000000002'),
  ('10000000-0000-0000-0000-000000000001','60000000-0000-0000-0000-000000000002',NULL,'corporate','q2',        2,'excel_upload','30000000-0000-0000-0000-000000000002'),
  ('10000000-0000-0000-0000-000000000001','60000000-0000-0000-0000-000000000002',NULL,'corporate','halfyear',  6,'excel_upload','30000000-0000-0000-0000-000000000002'),
  ('10000000-0000-0000-0000-000000000001','60000000-0000-0000-0000-000000000002',NULL,'corporate','q3',        5,'excel_upload','30000000-0000-0000-0000-000000000002'),
  ('10000000-0000-0000-0000-000000000001','60000000-0000-0000-0000-000000000002',NULL,'corporate','q4',        4,'excel_upload','30000000-0000-0000-0000-000000000002'),
  ('10000000-0000-0000-0000-000000000001','60000000-0000-0000-0000-000000000002',NULL,'corporate','fullyear', 15,'excel_upload','30000000-0000-0000-0000-000000000002')
ON CONFLICT DO NOTHING;

-- K03 EBITDA
INSERT INTO public.actuals (entity_id, kpi_definition_id, person_id, kpi_level, period, actual_value, source, uploaded_by) VALUES
  ('10000000-0000-0000-0000-000000000001','60000000-0000-0000-0000-000000000003',NULL,'corporate','q1',       5.30,'excel_upload','30000000-0000-0000-0000-000000000002'),
  ('10000000-0000-0000-0000-000000000001','60000000-0000-0000-0000-000000000003',NULL,'corporate','q2',       4.50,'excel_upload','30000000-0000-0000-0000-000000000002'),
  ('10000000-0000-0000-0000-000000000001','60000000-0000-0000-0000-000000000003',NULL,'corporate','halfyear', 9.80,'excel_upload','30000000-0000-0000-0000-000000000002'),
  ('10000000-0000-0000-0000-000000000001','60000000-0000-0000-0000-000000000003',NULL,'corporate','q3',       5.72,'excel_upload','30000000-0000-0000-0000-000000000002'),
  ('10000000-0000-0000-0000-000000000001','60000000-0000-0000-0000-000000000003',NULL,'corporate','q4',       6.18,'excel_upload','30000000-0000-0000-0000-000000000002'),
  ('10000000-0000-0000-0000-000000000001','60000000-0000-0000-0000-000000000003',NULL,'corporate','fullyear',21.70,'excel_upload','30000000-0000-0000-0000-000000000002')
ON CONFLICT DO NOTHING;

-- K04 Gross Margin (%)
INSERT INTO public.actuals (entity_id, kpi_definition_id, person_id, kpi_level, period, actual_value, source, uploaded_by) VALUES
  ('10000000-0000-0000-0000-000000000001','60000000-0000-0000-0000-000000000004',NULL,'corporate','q1',       66.3,'excel_upload','30000000-0000-0000-0000-000000000002'),
  ('10000000-0000-0000-0000-000000000001','60000000-0000-0000-0000-000000000004',NULL,'corporate','q2',       64.0,'excel_upload','30000000-0000-0000-0000-000000000002'),
  ('10000000-0000-0000-0000-000000000001','60000000-0000-0000-0000-000000000004',NULL,'corporate','halfyear', 65.0,'excel_upload','30000000-0000-0000-0000-000000000002'),
  ('10000000-0000-0000-0000-000000000001','60000000-0000-0000-0000-000000000004',NULL,'corporate','q3',       65.5,'excel_upload','30000000-0000-0000-0000-000000000002'),
  ('10000000-0000-0000-0000-000000000001','60000000-0000-0000-0000-000000000004',NULL,'corporate','q4',       65.8,'excel_upload','30000000-0000-0000-0000-000000000002'),
  ('10000000-0000-0000-0000-000000000001','60000000-0000-0000-0000-000000000004',NULL,'corporate','fullyear', 65.4,'excel_upload','30000000-0000-0000-0000-000000000002')
ON CONFLICT DO NOTHING;

-- K05 Net Revenue Retention (%)
INSERT INTO public.actuals (entity_id, kpi_definition_id, person_id, kpi_level, period, actual_value, source, uploaded_by) VALUES
  ('10000000-0000-0000-0000-000000000001','60000000-0000-0000-0000-000000000005',NULL,'corporate','q1',      112.0,'excel_upload','30000000-0000-0000-0000-000000000002'),
  ('10000000-0000-0000-0000-000000000001','60000000-0000-0000-0000-000000000005',NULL,'corporate','q2',      109.0,'excel_upload','30000000-0000-0000-0000-000000000002'),
  ('10000000-0000-0000-0000-000000000001','60000000-0000-0000-0000-000000000005',NULL,'corporate','halfyear',110.5,'excel_upload','30000000-0000-0000-0000-000000000002'),
  ('10000000-0000-0000-0000-000000000001','60000000-0000-0000-0000-000000000005',NULL,'corporate','q3',      111.0,'excel_upload','30000000-0000-0000-0000-000000000002'),
  ('10000000-0000-0000-0000-000000000001','60000000-0000-0000-0000-000000000005',NULL,'corporate','q4',      112.5,'excel_upload','30000000-0000-0000-0000-000000000002'),
  ('10000000-0000-0000-0000-000000000001','60000000-0000-0000-0000-000000000005',NULL,'corporate','fullyear',111.3,'excel_upload','30000000-0000-0000-0000-000000000002')
ON CONFLICT DO NOTHING;

-- K06 Employee Retention (%)
INSERT INTO public.actuals (entity_id, kpi_definition_id, person_id, kpi_level, period, actual_value, source, uploaded_by) VALUES
  ('10000000-0000-0000-0000-000000000001','60000000-0000-0000-0000-000000000006',NULL,'corporate','q1',       91.0,'excel_upload','30000000-0000-0000-0000-000000000002'),
  ('10000000-0000-0000-0000-000000000001','60000000-0000-0000-0000-000000000006',NULL,'corporate','q2',       89.0,'excel_upload','30000000-0000-0000-0000-000000000002'),
  ('10000000-0000-0000-0000-000000000001','60000000-0000-0000-0000-000000000006',NULL,'corporate','halfyear', 90.0,'excel_upload','30000000-0000-0000-0000-000000000002'),
  ('10000000-0000-0000-0000-000000000001','60000000-0000-0000-0000-000000000006',NULL,'corporate','q3',       91.5,'excel_upload','30000000-0000-0000-0000-000000000002'),
  ('10000000-0000-0000-0000-000000000001','60000000-0000-0000-0000-000000000006',NULL,'corporate','q4',       92.0,'excel_upload','30000000-0000-0000-0000-000000000002'),
  ('10000000-0000-0000-0000-000000000001','60000000-0000-0000-0000-000000000006',NULL,'corporate','fullyear', 90.9,'excel_upload','30000000-0000-0000-0000-000000000002')
ON CONFLICT DO NOTHING;

-- K07 Customer Satisfaction (score /5)
INSERT INTO public.actuals (entity_id, kpi_definition_id, person_id, kpi_level, period, actual_value, source, uploaded_by) VALUES
  ('10000000-0000-0000-0000-000000000001','60000000-0000-0000-0000-000000000007',NULL,'corporate','q1',       4.30,'excel_upload','30000000-0000-0000-0000-000000000002'),
  ('10000000-0000-0000-0000-000000000001','60000000-0000-0000-0000-000000000007',NULL,'corporate','q2',       4.10,'excel_upload','30000000-0000-0000-0000-000000000002'),
  ('10000000-0000-0000-0000-000000000001','60000000-0000-0000-0000-000000000007',NULL,'corporate','halfyear', 4.20,'excel_upload','30000000-0000-0000-0000-000000000002'),
  ('10000000-0000-0000-0000-000000000001','60000000-0000-0000-0000-000000000007',NULL,'corporate','q3',       4.35,'excel_upload','30000000-0000-0000-0000-000000000002'),
  ('10000000-0000-0000-0000-000000000001','60000000-0000-0000-0000-000000000007',NULL,'corporate','q4',       4.40,'excel_upload','30000000-0000-0000-0000-000000000002'),
  ('10000000-0000-0000-0000-000000000001','60000000-0000-0000-0000-000000000007',NULL,'corporate','fullyear', 4.32,'excel_upload','30000000-0000-0000-0000-000000000002')
ON CONFLICT DO NOTHING;

-- K08 eNPS Score  (halfyear=17, below target of 20 — key moment in narrative)
INSERT INTO public.actuals (entity_id, kpi_definition_id, person_id, kpi_level, period, actual_value, source, uploaded_by) VALUES
  ('10000000-0000-0000-0000-000000000001','60000000-0000-0000-0000-000000000008',NULL,'corporate','q1',       21.0,'excel_upload','30000000-0000-0000-0000-000000000002'),
  ('10000000-0000-0000-0000-000000000001','60000000-0000-0000-0000-000000000008',NULL,'corporate','q2',       13.0,'excel_upload','30000000-0000-0000-0000-000000000002'),
  ('10000000-0000-0000-0000-000000000001','60000000-0000-0000-0000-000000000008',NULL,'corporate','halfyear', 17.0,'excel_upload','30000000-0000-0000-0000-000000000002'),
  ('10000000-0000-0000-0000-000000000001','60000000-0000-0000-0000-000000000008',NULL,'corporate','q3',       22.0,'excel_upload','30000000-0000-0000-0000-000000000002'),
  ('10000000-0000-0000-0000-000000000001','60000000-0000-0000-0000-000000000008',NULL,'corporate','q4',       24.0,'excel_upload','30000000-0000-0000-0000-000000000002'),
  ('10000000-0000-0000-0000-000000000001','60000000-0000-0000-0000-000000000008',NULL,'corporate','fullyear', 20.5,'excel_upload','30000000-0000-0000-0000-000000000002')
ON CONFLICT DO NOTHING;

-- K09 Operating Cash Flow (EUR M)
INSERT INTO public.actuals (entity_id, kpi_definition_id, person_id, kpi_level, period, actual_value, source, uploaded_by) VALUES
  ('10000000-0000-0000-0000-000000000001','60000000-0000-0000-0000-000000000009',NULL,'corporate','q1',       4.20,'excel_upload','30000000-0000-0000-0000-000000000002'),
  ('10000000-0000-0000-0000-000000000001','60000000-0000-0000-0000-000000000009',NULL,'corporate','q2',       3.50,'excel_upload','30000000-0000-0000-0000-000000000002'),
  ('10000000-0000-0000-0000-000000000001','60000000-0000-0000-0000-000000000009',NULL,'corporate','halfyear', 7.70,'excel_upload','30000000-0000-0000-0000-000000000002'),
  ('10000000-0000-0000-0000-000000000001','60000000-0000-0000-0000-000000000009',NULL,'corporate','q3',       4.68,'excel_upload','30000000-0000-0000-0000-000000000002'),
  ('10000000-0000-0000-0000-000000000001','60000000-0000-0000-0000-000000000009',NULL,'corporate','q4',       5.10,'excel_upload','30000000-0000-0000-0000-000000000002'),
  ('10000000-0000-0000-0000-000000000001','60000000-0000-0000-0000-000000000009',NULL,'corporate','fullyear',17.48,'excel_upload','30000000-0000-0000-0000-000000000002')
ON CONFLICT DO NOTHING;

-- K10 R&D Investment (EUR M)
INSERT INTO public.actuals (entity_id, kpi_definition_id, person_id, kpi_level, period, actual_value, source, uploaded_by) VALUES
  ('10000000-0000-0000-0000-000000000001','60000000-0000-0000-0000-000000000010',NULL,'corporate','q1',       3.10,'excel_upload','30000000-0000-0000-0000-000000000002'),
  ('10000000-0000-0000-0000-000000000001','60000000-0000-0000-0000-000000000010',NULL,'corporate','q2',       2.90,'excel_upload','30000000-0000-0000-0000-000000000002'),
  ('10000000-0000-0000-0000-000000000001','60000000-0000-0000-0000-000000000010',NULL,'corporate','halfyear', 6.00,'excel_upload','30000000-0000-0000-0000-000000000002'),
  ('10000000-0000-0000-0000-000000000001','60000000-0000-0000-0000-000000000010',NULL,'corporate','q3',       3.10,'excel_upload','30000000-0000-0000-0000-000000000002'),
  ('10000000-0000-0000-0000-000000000001','60000000-0000-0000-0000-000000000010',NULL,'corporate','q4',       3.20,'excel_upload','30000000-0000-0000-0000-000000000002'),
  ('10000000-0000-0000-0000-000000000001','60000000-0000-0000-0000-000000000010',NULL,'corporate','fullyear',12.30,'excel_upload','30000000-0000-0000-0000-000000000002')
ON CONFLICT DO NOTHING;

-- =============================================================================
-- 17. ACTUALS — Department KPIs (HQ-Commercial)
-- =============================================================================

-- K11 Upsell Revenue (EUR M) — dept level
INSERT INTO public.actuals (entity_id, kpi_definition_id, person_id, kpi_level, period, actual_value, source, uploaded_by) VALUES
  ('10000000-0000-0000-0000-000000000001','60000000-0000-0000-0000-000000000011',NULL,'department','q1',       3.20,'excel_upload','30000000-0000-0000-0000-000000000002'),
  ('10000000-0000-0000-0000-000000000001','60000000-0000-0000-0000-000000000011',NULL,'department','q2',       2.70,'excel_upload','30000000-0000-0000-0000-000000000002'),
  ('10000000-0000-0000-0000-000000000001','60000000-0000-0000-0000-000000000011',NULL,'department','halfyear', 5.90,'excel_upload','30000000-0000-0000-0000-000000000002'),
  ('10000000-0000-0000-0000-000000000001','60000000-0000-0000-0000-000000000011',NULL,'department','q3',       3.68,'excel_upload','30000000-0000-0000-0000-000000000002'),
  ('10000000-0000-0000-0000-000000000001','60000000-0000-0000-0000-000000000011',NULL,'department','q4',       4.10,'excel_upload','30000000-0000-0000-0000-000000000002'),
  ('10000000-0000-0000-0000-000000000001','60000000-0000-0000-0000-000000000011',NULL,'department','fullyear',13.68,'excel_upload','30000000-0000-0000-0000-000000000002')
ON CONFLICT DO NOTHING;

-- K12 Proposal Win Rate (%)
INSERT INTO public.actuals (entity_id, kpi_definition_id, person_id, kpi_level, period, actual_value, source, uploaded_by) VALUES
  ('10000000-0000-0000-0000-000000000001','60000000-0000-0000-0000-000000000012',NULL,'department','q1',       36.75,'excel_upload','30000000-0000-0000-0000-000000000002'),
  ('10000000-0000-0000-0000-000000000001','60000000-0000-0000-0000-000000000012',NULL,'department','q2',       33.25,'excel_upload','30000000-0000-0000-0000-000000000002'),
  ('10000000-0000-0000-0000-000000000001','60000000-0000-0000-0000-000000000012',NULL,'department','halfyear', 35.00,'excel_upload','30000000-0000-0000-0000-000000000002'),
  ('10000000-0000-0000-0000-000000000001','60000000-0000-0000-0000-000000000012',NULL,'department','q3',       38.11,'excel_upload','30000000-0000-0000-0000-000000000002'),
  ('10000000-0000-0000-0000-000000000001','60000000-0000-0000-0000-000000000012',NULL,'department','q4',       38.90,'excel_upload','30000000-0000-0000-0000-000000000002'),
  ('10000000-0000-0000-0000-000000000001','60000000-0000-0000-0000-000000000012',NULL,'department','fullyear', 36.75,'excel_upload','30000000-0000-0000-0000-000000000002')
ON CONFLICT DO NOTHING;

-- K15 Training Completion (binary) — NOT achieved at halfyear, achieved at fullyear
INSERT INTO public.actuals (entity_id, kpi_definition_id, person_id, kpi_level, period, actual_binary, source, uploaded_by) VALUES
  ('10000000-0000-0000-0000-000000000001','60000000-0000-0000-0000-000000000015',NULL,'department','halfyear', false,'excel_upload','30000000-0000-0000-0000-000000000002'),
  ('10000000-0000-0000-0000-000000000001','60000000-0000-0000-0000-000000000015',NULL,'department','fullyear', true, 'excel_upload','30000000-0000-0000-0000-000000000002')
ON CONFLICT DO NOTHING;

-- =============================================================================
-- 18. ACTUALS — Individual KPIs (Aisha)
-- =============================================================================

-- K16 Personal Revenue (EUR) — Aisha
INSERT INTO public.actuals (entity_id, kpi_definition_id, person_id, kpi_level, period, actual_value, source, uploaded_by) VALUES
  ('10000000-0000-0000-0000-000000000001','60000000-0000-0000-0000-000000000016','30000000-0000-0000-0000-000000000004','individual','q1',       420000,'excel_upload','30000000-0000-0000-0000-000000000002'),
  ('10000000-0000-0000-0000-000000000001','60000000-0000-0000-0000-000000000016','30000000-0000-0000-0000-000000000004','individual','q2',       376000,'excel_upload','30000000-0000-0000-0000-000000000002'),
  ('10000000-0000-0000-0000-000000000001','60000000-0000-0000-0000-000000000016','30000000-0000-0000-0000-000000000004','individual','halfyear', 796000,'excel_upload','30000000-0000-0000-0000-000000000002'),
  ('10000000-0000-0000-0000-000000000001','60000000-0000-0000-0000-000000000016','30000000-0000-0000-0000-000000000004','individual','q3',       472500,'excel_upload','30000000-0000-0000-0000-000000000002'),
  ('10000000-0000-0000-0000-000000000001','60000000-0000-0000-0000-000000000016','30000000-0000-0000-0000-000000000004','individual','q4',       500000,'excel_upload','30000000-0000-0000-0000-000000000002'),
  ('10000000-0000-0000-0000-000000000001','60000000-0000-0000-0000-000000000016','30000000-0000-0000-0000-000000000004','individual','fullyear',1768500,'excel_upload','30000000-0000-0000-0000-000000000002')
ON CONFLICT DO NOTHING;

-- K20 Win Rate Personal — Aisha
INSERT INTO public.actuals (entity_id, kpi_definition_id, person_id, kpi_level, period, actual_value, source, uploaded_by) VALUES
  ('10000000-0000-0000-0000-000000000001','60000000-0000-0000-0000-000000000020','30000000-0000-0000-0000-000000000004','individual','q1',       36.75,'excel_upload','30000000-0000-0000-0000-000000000002'),
  ('10000000-0000-0000-0000-000000000001','60000000-0000-0000-0000-000000000020','30000000-0000-0000-0000-000000000004','individual','q2',       33.25,'excel_upload','30000000-0000-0000-0000-000000000002'),
  ('10000000-0000-0000-0000-000000000001','60000000-0000-0000-0000-000000000020','30000000-0000-0000-0000-000000000004','individual','halfyear', 35.00,'excel_upload','30000000-0000-0000-0000-000000000002'),
  ('10000000-0000-0000-0000-000000000001','60000000-0000-0000-0000-000000000020','30000000-0000-0000-0000-000000000004','individual','q3',       38.11,'excel_upload','30000000-0000-0000-0000-000000000002'),
  ('10000000-0000-0000-0000-000000000001','60000000-0000-0000-0000-000000000020','30000000-0000-0000-0000-000000000004','individual','q4',       38.90,'excel_upload','30000000-0000-0000-0000-000000000002'),
  ('10000000-0000-0000-0000-000000000001','60000000-0000-0000-0000-000000000020','30000000-0000-0000-0000-000000000004','individual','fullyear', 36.75,'excel_upload','30000000-0000-0000-0000-000000000002')
ON CONFLICT DO NOTHING;

-- K19 New Logos Personal — Aisha
INSERT INTO public.actuals (entity_id, kpi_definition_id, person_id, kpi_level, period, actual_value, source, uploaded_by) VALUES
  ('10000000-0000-0000-0000-000000000001','60000000-0000-0000-0000-000000000019','30000000-0000-0000-0000-000000000004','individual','q1',      1,'excel_upload','30000000-0000-0000-0000-000000000002'),
  ('10000000-0000-0000-0000-000000000001','60000000-0000-0000-0000-000000000019','30000000-0000-0000-0000-000000000004','individual','q2',      0,'excel_upload','30000000-0000-0000-0000-000000000002'),
  ('10000000-0000-0000-0000-000000000001','60000000-0000-0000-0000-000000000019','30000000-0000-0000-0000-000000000004','individual','halfyear', 1,'excel_upload','30000000-0000-0000-0000-000000000002'),
  ('10000000-0000-0000-0000-000000000001','60000000-0000-0000-0000-000000000019','30000000-0000-0000-0000-000000000004','individual','q3',      1,'excel_upload','30000000-0000-0000-0000-000000000002'),
  ('10000000-0000-0000-0000-000000000001','60000000-0000-0000-0000-000000000019','30000000-0000-0000-0000-000000000004','individual','q4',      2,'excel_upload','30000000-0000-0000-0000-000000000002'),
  ('10000000-0000-0000-0000-000000000001','60000000-0000-0000-0000-000000000019','30000000-0000-0000-0000-000000000004','individual','fullyear', 5,'excel_upload','30000000-0000-0000-0000-000000000002')
ON CONFLICT DO NOTHING;

-- =============================================================================
-- 19. ACTUALS — Individual KPIs (Chloe)
-- =============================================================================

-- K18 Client Retention Rate (%)
INSERT INTO public.actuals (entity_id, kpi_definition_id, person_id, kpi_level, period, actual_value, source, uploaded_by) VALUES
  ('10000000-0000-0000-0000-000000000001','60000000-0000-0000-0000-000000000018','30000000-0000-0000-0000-000000000005','individual','q1',       84.0,'excel_upload','30000000-0000-0000-0000-000000000002'),
  ('10000000-0000-0000-0000-000000000001','60000000-0000-0000-0000-000000000018','30000000-0000-0000-0000-000000000005','individual','q2',       83.0,'excel_upload','30000000-0000-0000-0000-000000000002'),
  ('10000000-0000-0000-0000-000000000001','60000000-0000-0000-0000-000000000018','30000000-0000-0000-0000-000000000005','individual','halfyear', 83.5,'excel_upload','30000000-0000-0000-0000-000000000002'),
  ('10000000-0000-0000-0000-000000000001','60000000-0000-0000-0000-000000000018','30000000-0000-0000-0000-000000000005','individual','q3',       86.0,'excel_upload','30000000-0000-0000-0000-000000000002'),
  ('10000000-0000-0000-0000-000000000001','60000000-0000-0000-0000-000000000018','30000000-0000-0000-0000-000000000005','individual','q4',       87.5,'excel_upload','30000000-0000-0000-0000-000000000002'),
  ('10000000-0000-0000-0000-000000000001','60000000-0000-0000-0000-000000000018','30000000-0000-0000-0000-000000000005','individual','fullyear', 85.3,'excel_upload','30000000-0000-0000-0000-000000000002')
ON CONFLICT DO NOTHING;

-- K21 Win Rate Personal (Chloe)
INSERT INTO public.actuals (entity_id, kpi_definition_id, person_id, kpi_level, period, actual_value, source, uploaded_by) VALUES
  ('10000000-0000-0000-0000-000000000001','60000000-0000-0000-0000-000000000021','30000000-0000-0000-0000-000000000005','individual','q1',       31.0,'excel_upload','30000000-0000-0000-0000-000000000002'),
  ('10000000-0000-0000-0000-000000000001','60000000-0000-0000-0000-000000000021','30000000-0000-0000-0000-000000000005','individual','q2',       28.0,'excel_upload','30000000-0000-0000-0000-000000000002'),
  ('10000000-0000-0000-0000-000000000001','60000000-0000-0000-0000-000000000021','30000000-0000-0000-0000-000000000005','individual','halfyear', 29.5,'excel_upload','30000000-0000-0000-0000-000000000002'),
  ('10000000-0000-0000-0000-000000000001','60000000-0000-0000-0000-000000000021','30000000-0000-0000-0000-000000000005','individual','q3',       33.0,'excel_upload','30000000-0000-0000-0000-000000000002'),
  ('10000000-0000-0000-0000-000000000001','60000000-0000-0000-0000-000000000021','30000000-0000-0000-0000-000000000005','individual','q4',       34.0,'excel_upload','30000000-0000-0000-0000-000000000002'),
  ('10000000-0000-0000-0000-000000000001','60000000-0000-0000-0000-000000000021','30000000-0000-0000-0000-000000000005','individual','fullyear', 31.6,'excel_upload','30000000-0000-0000-0000-000000000002')
ON CONFLICT DO NOTHING;

-- =============================================================================
-- 20. BONUS SCHEMES + TIERS
-- =============================================================================
INSERT INTO public.bonus_schemes (id, entity_id, name, description, is_active) VALUES
  ('80000000-0000-0000-0000-000000000001','10000000-0000-0000-0000-000000000001',
   'Executive Scheme','For C-suite and VP-level employees.',true),
  ('80000000-0000-0000-0000-000000000002','10000000-0000-0000-0000-000000000001',
   'Senior Employee Scheme','For high-performing individual contributors.',true),
  ('80000000-0000-0000-0000-000000000003','10000000-0000-0000-0000-000000000001',
   'New Joiner Scheme','For employees who joined in the last 18 months.',true)
ON CONFLICT (id) DO NOTHING;

-- Executive Scheme tiers
INSERT INTO public.bonus_scheme_tiers (bonus_scheme_id, threshold_min_pct, threshold_max_pct, bonus_pct_of_salary) VALUES
  ('80000000-0000-0000-0000-000000000001',  0, 79.99,  0),
  ('80000000-0000-0000-0000-000000000001', 80, 99.99, 30),
  ('80000000-0000-0000-0000-000000000001',100,119.99, 50),
  ('80000000-0000-0000-0000-000000000001',120,  NULL, 65)
ON CONFLICT DO NOTHING;

-- Senior Employee Scheme tiers  (Aisha: Stretch=70% → EUR 59,500 on salary 85,000)
INSERT INTO public.bonus_scheme_tiers (bonus_scheme_id, threshold_min_pct, threshold_max_pct, bonus_pct_of_salary) VALUES
  ('80000000-0000-0000-0000-000000000002',  0, 79.99,  0),
  ('80000000-0000-0000-0000-000000000002', 80, 99.99, 50),
  ('80000000-0000-0000-0000-000000000002',100,119.99, 70),
  ('80000000-0000-0000-0000-000000000002',120,  NULL, 85)
ON CONFLICT DO NOTHING;

-- New Joiner Scheme tiers  (Chloe: On-Target=40% → EUR 23,700 on salary 59,250)
INSERT INTO public.bonus_scheme_tiers (bonus_scheme_id, threshold_min_pct, threshold_max_pct, bonus_pct_of_salary) VALUES
  ('80000000-0000-0000-0000-000000000003',  0, 79.99,  0),
  ('80000000-0000-0000-0000-000000000003', 80, 99.99, 40),
  ('80000000-0000-0000-0000-000000000003',100,119.99, 60),
  ('80000000-0000-0000-0000-000000000003',120,  NULL, 75)
ON CONFLICT DO NOTHING;

-- =============================================================================
-- 21. EMPLOYEE BONUS ASSIGNMENTS
-- =============================================================================
INSERT INTO public.employee_bonus_assignments (entity_id, person_id, bonus_scheme_id, year, midyear_bonus_eligible, yearend_bonus_eligible) VALUES
  ('10000000-0000-0000-0000-000000000001','30000000-0000-0000-0000-000000000001','80000000-0000-0000-0000-000000000001',2025,false,true),  -- Sofia → Executive
  ('10000000-0000-0000-0000-000000000001','30000000-0000-0000-0000-000000000002','80000000-0000-0000-0000-000000000001',2025,false,true),  -- Marcus → Executive
  ('10000000-0000-0000-0000-000000000001','30000000-0000-0000-0000-000000000003','80000000-0000-0000-0000-000000000001',2025,false,true),  -- Priya → Executive
  ('10000000-0000-0000-0000-000000000001','30000000-0000-0000-0000-000000000004','80000000-0000-0000-0000-000000000002',2025,false,true),  -- Aisha → Senior Employee
  ('10000000-0000-0000-0000-000000000001','30000000-0000-0000-0000-000000000005','80000000-0000-0000-0000-000000000003',2025,false,true),  -- Chloe → New Joiner
  ('10000000-0000-0000-0000-000000000001','30000000-0000-0000-0000-000000000006','80000000-0000-0000-0000-000000000001',2025,false,true),  -- James → Executive
  ('10000000-0000-0000-0000-000000000001','30000000-0000-0000-0000-000000000007','80000000-0000-0000-0000-000000000001',2025,false,true),  -- Elena → Executive
  ('10000000-0000-0000-0000-000000000001','30000000-0000-0000-0000-000000000008','80000000-0000-0000-0000-000000000001',2025,false,true)   -- Tom → Executive
ON CONFLICT DO NOTHING;

-- =============================================================================
-- 22. EMPLOYEE KPI GROUP WEIGHTS
--   Aisha: Corporate 15 / Department 25 / Individual 60
--   Chloe: Corporate 20 / Department 30 / Individual 50
-- =============================================================================
INSERT INTO public.employee_kpi_group_weights (entity_id, person_id, year, corporate_weight_pct, department_weight_pct, individual_weight_pct) VALUES
  ('10000000-0000-0000-0000-000000000001','30000000-0000-0000-0000-000000000004',2025,15,25,60),
  ('10000000-0000-0000-0000-000000000001','30000000-0000-0000-0000-000000000005',2025,20,30,50)
ON CONFLICT DO NOTHING;

-- =============================================================================
-- 23. EMPLOYEE KPI ITEM WEIGHTS
--   kpi_assignment_id references the corporate_kpi / department_kpi / individual_kpi row id
-- =============================================================================

-- Aisha — Corporate item weights (10 KPIs, sum = 100)
INSERT INTO public.employee_kpi_item_weights (entity_id, person_id, year, kpi_level, kpi_assignment_id, weight_pct) VALUES
  ('10000000-0000-0000-0000-000000000001','30000000-0000-0000-0000-000000000004',2025,'corporate','70000000-0000-0000-0000-000000000001',20), -- K01 Revenue
  ('10000000-0000-0000-0000-000000000001','30000000-0000-0000-0000-000000000004',2025,'corporate','70000000-0000-0000-0000-000000000002',15), -- K02 New Logos
  ('10000000-0000-0000-0000-000000000001','30000000-0000-0000-0000-000000000004',2025,'corporate','70000000-0000-0000-0000-000000000003',15), -- K03 EBITDA
  ('10000000-0000-0000-0000-000000000001','30000000-0000-0000-0000-000000000004',2025,'corporate','70000000-0000-0000-0000-000000000004',10), -- K04 Gross Margin
  ('10000000-0000-0000-0000-000000000001','30000000-0000-0000-0000-000000000004',2025,'corporate','70000000-0000-0000-0000-000000000005',10), -- K05 NRR
  ('10000000-0000-0000-0000-000000000001','30000000-0000-0000-0000-000000000004',2025,'corporate','70000000-0000-0000-0000-000000000006',10), -- K06 Employee Retention
  ('10000000-0000-0000-0000-000000000001','30000000-0000-0000-0000-000000000004',2025,'corporate','70000000-0000-0000-0000-000000000007', 5), -- K07 CSAT
  ('10000000-0000-0000-0000-000000000001','30000000-0000-0000-0000-000000000004',2025,'corporate','70000000-0000-0000-0000-000000000008', 5), -- K08 eNPS
  ('10000000-0000-0000-0000-000000000001','30000000-0000-0000-0000-000000000004',2025,'corporate','70000000-0000-0000-0000-000000000009', 5), -- K09 OCF
  ('10000000-0000-0000-0000-000000000001','30000000-0000-0000-0000-000000000004',2025,'corporate','70000000-0000-0000-0000-000000000010', 5)  -- K10 R&D
ON CONFLICT DO NOTHING;

-- Aisha — Department item weights (3 KPIs in HQ-Commercial, sum = 100)
INSERT INTO public.employee_kpi_item_weights (entity_id, person_id, year, kpi_level, kpi_assignment_id, weight_pct) VALUES
  ('10000000-0000-0000-0000-000000000001','30000000-0000-0000-0000-000000000004',2025,'department','71000000-0000-0000-0000-000000000001',40), -- K01 Revenue dept
  ('10000000-0000-0000-0000-000000000001','30000000-0000-0000-0000-000000000004',2025,'department','71000000-0000-0000-0000-000000000002',35), -- K11 Upsell
  ('10000000-0000-0000-0000-000000000001','30000000-0000-0000-0000-000000000004',2025,'department','71000000-0000-0000-0000-000000000003',25)  -- K12 Win Rate
ON CONFLICT DO NOTHING;

-- Aisha — Individual item weights (3 approved KPIs, sum = 100)
INSERT INTO public.employee_kpi_item_weights (entity_id, person_id, year, kpi_level, kpi_assignment_id, weight_pct) VALUES
  ('10000000-0000-0000-0000-000000000001','30000000-0000-0000-0000-000000000004',2025,'individual','72000000-0000-0000-0000-000000000001',50), -- K16 Personal Revenue
  ('10000000-0000-0000-0000-000000000001','30000000-0000-0000-0000-000000000004',2025,'individual','72000000-0000-0000-0000-000000000002',30), -- K20 Win Rate
  ('10000000-0000-0000-0000-000000000001','30000000-0000-0000-0000-000000000004',2025,'individual','72000000-0000-0000-0000-000000000003',20)  -- K19 New Logos
ON CONFLICT DO NOTHING;

-- Chloe — Corporate item weights (same distribution as Aisha)
INSERT INTO public.employee_kpi_item_weights (entity_id, person_id, year, kpi_level, kpi_assignment_id, weight_pct) VALUES
  ('10000000-0000-0000-0000-000000000001','30000000-0000-0000-0000-000000000005',2025,'corporate','70000000-0000-0000-0000-000000000001',20),
  ('10000000-0000-0000-0000-000000000001','30000000-0000-0000-0000-000000000005',2025,'corporate','70000000-0000-0000-0000-000000000002',15),
  ('10000000-0000-0000-0000-000000000001','30000000-0000-0000-0000-000000000005',2025,'corporate','70000000-0000-0000-0000-000000000003',15),
  ('10000000-0000-0000-0000-000000000001','30000000-0000-0000-0000-000000000005',2025,'corporate','70000000-0000-0000-0000-000000000004',10),
  ('10000000-0000-0000-0000-000000000001','30000000-0000-0000-0000-000000000005',2025,'corporate','70000000-0000-0000-0000-000000000005',10),
  ('10000000-0000-0000-0000-000000000001','30000000-0000-0000-0000-000000000005',2025,'corporate','70000000-0000-0000-0000-000000000006',10),
  ('10000000-0000-0000-0000-000000000001','30000000-0000-0000-0000-000000000005',2025,'corporate','70000000-0000-0000-0000-000000000007', 5),
  ('10000000-0000-0000-0000-000000000001','30000000-0000-0000-0000-000000000005',2025,'corporate','70000000-0000-0000-0000-000000000008', 5),
  ('10000000-0000-0000-0000-000000000001','30000000-0000-0000-0000-000000000005',2025,'corporate','70000000-0000-0000-0000-000000000009', 5),
  ('10000000-0000-0000-0000-000000000001','30000000-0000-0000-0000-000000000005',2025,'corporate','70000000-0000-0000-0000-000000000010', 5)
ON CONFLICT DO NOTHING;

-- Chloe — Department item weights
INSERT INTO public.employee_kpi_item_weights (entity_id, person_id, year, kpi_level, kpi_assignment_id, weight_pct) VALUES
  ('10000000-0000-0000-0000-000000000001','30000000-0000-0000-0000-000000000005',2025,'department','71000000-0000-0000-0000-000000000001',40),
  ('10000000-0000-0000-0000-000000000001','30000000-0000-0000-0000-000000000005',2025,'department','71000000-0000-0000-0000-000000000002',35),
  ('10000000-0000-0000-0000-000000000001','30000000-0000-0000-0000-000000000005',2025,'department','71000000-0000-0000-0000-000000000003',25)
ON CONFLICT DO NOTHING;

-- Chloe — Individual item weights (2 approved KPIs)
INSERT INTO public.employee_kpi_item_weights (entity_id, person_id, year, kpi_level, kpi_assignment_id, weight_pct) VALUES
  ('10000000-0000-0000-0000-000000000001','30000000-0000-0000-0000-000000000005',2025,'individual','72000000-0000-0000-0000-000000000005',60), -- K18 Client Retention
  ('10000000-0000-0000-0000-000000000001','30000000-0000-0000-0000-000000000005',2025,'individual','72000000-0000-0000-0000-000000000006',40)  -- K21 Win Rate
ON CONFLICT DO NOTHING;

-- =============================================================================
-- 24. SETUP PROGRESS (mark all steps complete for Northwind Technologies)
-- =============================================================================
INSERT INTO public.setup_progress (entity_id, step_key, status, updated_by) VALUES
  ('10000000-0000-0000-0000-000000000001','register_entity',    'complete','30000000-0000-0000-0000-000000000002'),
  ('10000000-0000-0000-0000-000000000001','org_departments',    'complete','30000000-0000-0000-0000-000000000002'),
  ('10000000-0000-0000-0000-000000000001','employee_upload',    'complete','30000000-0000-0000-0000-000000000002'),
  ('10000000-0000-0000-0000-000000000001','role_assignment',    'complete','30000000-0000-0000-0000-000000000002'),
  ('10000000-0000-0000-0000-000000000001','driver_weightings',  'complete','30000000-0000-0000-0000-000000000001'),
  ('10000000-0000-0000-0000-000000000001','corporate_kpis',     'complete','30000000-0000-0000-0000-000000000001'),
  ('10000000-0000-0000-0000-000000000001','kpi_approvals',      'complete','30000000-0000-0000-0000-000000000001'),
  ('10000000-0000-0000-0000-000000000001','weighting_assignment','complete','30000000-0000-0000-0000-000000000001'),
  ('10000000-0000-0000-0000-000000000001','bonus_schemes',      'complete','30000000-0000-0000-0000-000000000001')
ON CONFLICT (entity_id, step_key) DO NOTHING;

-- =============================================================================
-- 25. EXCEL UPLOAD LOG (audit trail to match HR Rep journey)
-- =============================================================================
INSERT INTO public.excel_uploads (entity_id, uploaded_by, file_name, upload_type, status, row_count) VALUES
  ('10000000-0000-0000-0000-000000000001','30000000-0000-0000-0000-000000000002','northwind_employees_2025.xlsx','employees','success',12),
  ('10000000-0000-0000-0000-000000000001','30000000-0000-0000-0000-000000000002','northwind_actuals_q1_2025.xlsx','actuals','success',10),
  ('10000000-0000-0000-0000-000000000001','30000000-0000-0000-0000-000000000002','northwind_actuals_q2_attempt1.xlsx','actuals','failed',0),
  ('10000000-0000-0000-0000-000000000001','30000000-0000-0000-0000-000000000002','northwind_actuals_q2_2025.xlsx','actuals','success',10),
  ('10000000-0000-0000-0000-000000000001','30000000-0000-0000-0000-000000000002','northwind_actuals_halfyear_2025.xlsx','actuals','success',5),
  ('10000000-0000-0000-0000-000000000001','30000000-0000-0000-0000-000000000002','northwind_actuals_q3_2025.xlsx','actuals','success',10),
  ('10000000-0000-0000-0000-000000000001','30000000-0000-0000-0000-000000000002','northwind_actuals_q4_2025.xlsx','actuals','success',10),
  ('10000000-0000-0000-0000-000000000001','30000000-0000-0000-0000-000000000002','northwind_actuals_fullyear_2025.xlsx','actuals','success',12)
ON CONFLICT DO NOTHING;

-- =============================================================================
-- DONE — Northwind Technologies demo data loaded.
-- Sign-in credentials: sofia/marcus/priya/aisha @northwindtech.demo  /  Demo2025!
-- =============================================================================
